{
    "nvidium.options.pages.nvidium" : "Nvidium",
    "nvidium.options.region_keep_distance.name" : "Khoảng Cách Giữ Khu Vực",
    "nvidium.options.region_keep_distance.tooltip" : "Khoảng cách để giữ các khu vực được tải",
    "nvidium.options.automatic_memory_limit.name" : "Giới hạn bộ nhớ tự động",
    "nvidium.options.automatic_memory_limit.tooltip" : "Tự động xác định giới hạn bộ nhớ để thiết lập dựa trên lượng vram có sẵn trên hệ thống của bạn (Đóng và mở lại cài đặt để chỉnh sửa bộ nhớ tối đa)",
    "nvidium.options.max_gpu_memory.name" : "Bộ nhớ gpu tối đa",
    "nvidium.options.max_gpu_memory.tooltip" : "Bộ nhớ gpu tối đa cho phép, sẽ bắt đầu loại bỏ các phần nếu giới hạn này được chạm tới",
    "nvidium.options.enable_temporal_coherence.name" : "Kích hoạt tính nhất quán thời gian",
    "nvidium.options.enable_temporal_coherence.tooltip" : "Loại bỏ hiệu ứng không mong muốn khi quay đầu",
    "nvidium.options.mb" : "%s Mbs",
    "nvidium.options.translucency_sorting.name" : "Sắp Xếp Độ Trong Suốt",
    "nvidium.options.translucency_sorting.tooltip" : "Mức độ sắp xếp độ trong suốt, mỗi mức độ có ảnh hưởng khác nhau đến hiệu suất và chất lượng hình ảnh. \nNone: Không sắp xếp độ trong suốt, không ảnh hưởng, có thể trông khá xấu\nSections: Sắp xếp độ trong suốt cấp đoạn, đưa độ trong suốt về cùng một mức với sodium, ảnh hưởng tối thiểu\nQuads: Sắp xếp tăng dần, sắp xếp hình học một cách chính xác qua nhiều khung hình, có thể gây ra vẻ lạ lùng trong khi sắp xếp",
    "nvidium.options.translucency_sorting.none" : "Không",
    "nvidium.options.translucency_sorting.sections" : "Đoạn",
    "nvidium.options.translucency_sorting.quads" : "Tứ giác",
    "nvidium.options.statistics_level.name" : "Mức Độ Thống Kê",
    "nvidium.options.statistics_level.tooltip" : "Mức độ ghi nhật ký thống kê, theo dõi số lượng khả năng nhìn thấy của các lớp cắt",
    "nvidium.options.statistics_level.none" : "Không",
    "nvidium.options.statistics_level.frustum" : "Frustum",
    "nvidium.options.statistics_level.regions" : "Khu Vực",
    "nvidium.options.statistics_level.sections" : "Đoạn",
    "nvidium.options.statistics_level.quads" : "Tứ giác",
    "nvidium.options.async_bfs.name" : "Kích hoạt bfs không đồng bộ",
    "nvidium.options.async_bfs.tooltip" : "Kích hoạt tải các đoạn phần không đồng bộ bfs, giảm đáng kể thời gian khung hình khi di chuyển, càng thấy rõ với khoảng cách render cao hơn"
  }
  